-- Job
insert into job (job_type, job_name, use_yn, create_date, update_date ) values ('JOB_THEME', '대기업', 0, '2024-03-01 10:00:00.000', '2024-03-01 10:00:00.000')
    insert into job (job_type, job_name, use_yn, create_date, update_date ) values ('JOB_THEME', '외국계', 0, '2024-03-01 10:00:00.000', '2024-03-01 10:00:00.000')
insert into job (job_type, job_name, use_yn, create_date, update_date ) values ('JOB_THEME', '공기업/공무원', 0, '2024-03-01 10:00:00.000', '2024-03-01 10:00:00.000')
insert into job (job_type, job_name, use_yn, create_date, update_date ) values ('JOB_THEME', '사업/창업', 0, '2024-03-01 10:00:00.000', '2024-03-01 10:00:00.000')
insert into job (job_type, job_name, use_yn, create_date, update_date ) values ('JOB_THEME', '프리랜서', 0, '2024-03-01 10:00:00.000', '2024-03-01 10:00:00.000')
insert into job (job_type, job_name, use_yn, create_date, update_date ) values ('JOB_THEME', '대학생', 0, '2024-03-01 10:00:00.000', '2024-03-01 10:00:00.000')
insert into job (job_type, job_name, use_yn, create_date, update_date ) values ('JOB_GROUND', '의료/건강/제약', 0, '2024-03-01 10:00:00.000', '2024-03-01 10:00:00.000')
insert into job (job_type, job_name, use_yn, create_date, update_date ) values ('JOB_GROUND', 'IT/포털/인터넷', 0, '2024-03-01 10:00:00.000', '2024-03-01 10:00:00.000')
insert into job (job_type, job_name, use_yn, create_date, update_date ) values ('JOB_GROUND', '교육업', 0, '2024-03-01 10:00:00.000', '2024-03-01 10:00:00.000')
insert into job (job_type, job_name, use_yn, create_date, update_date ) values ('JOB_GROUND', '광고/마케팅업계', 0, '2024-03-01 10:00:00.000', '2024-03-01 10:00:00.000')
insert into job (job_type, job_name, use_yn, create_date, update_date ) values ('JOB_GROUND', '디자인업계', 0, '2024-03-01 10:00:00.000', '2024-03-01 10:00:00.000')
insert into job (job_type, job_name, use_yn, create_date, update_date ) values ('JOB_GROUND', '무역', 0, '2024-03-01 10:00:00.000', '2024-03-01 10:00:00.000')
insert into job (job_type, job_name, use_yn, create_date, update_date ) values ('JOB_GROUND', '금융업', 0, '2024-03-01 10:00:00.000', '2024-03-01 10:00:00.000')
insert into job (job_type, job_name, use_yn, create_date, update_date ) values ('JOB_GROUND', '세무/회계', 0, '2024-03-01 10:00:00.000', '2024-03-01 10:00:00.000')
insert into job (job_type, job_name, use_yn, create_date, update_date ) values ('JOB_GROUND', '법률/법무/법조계', 0, '2024-03-01 10:00:00.000', '2024-03-01 10:00:00.000')
insert into job (job_type, job_name, use_yn, create_date, update_date ) values ('JOB_GROUND', '컨설팅', 0, '2024-03-01 10:00:00.000', '2024-03-01 10:00:00.000')
insert into job (job_type, job_name, use_yn, create_date, update_date ) values ('JOB_GROUND', '전자/기계/전기', 0, '2024-03-01 10:00:00.000', '2024-03-01 10:00:00.000')
insert into job (job_type, job_name, use_yn, create_date, update_date ) values ('JOB_GROUND', '자동차', 0, '2024-03-01 10:00:00.000', '2024-03-01 10:00:00.000')
insert into job (job_type, job_name, use_yn, create_date, update_date ) values ('JOB_GROUND', '에너지/화학', 0, '2024-03-01 10:00:00.000', '2024-03-01 10:00:00.000')
insert into job (job_type, job_name, use_yn, create_date, update_date ) values ('JOB_GROUND', '조선/중공업', 0, '2024-03-01 10:00:00.000', '2024-03-01 10:00:00.000')
insert into job (job_type, job_name, use_yn, create_date, update_date ) values ('JOB_GROUND', '패션/의류/뷰티', 0, '2024-03-01 10:00:00.000', '2024-03-01 10:00:00.000')
insert into job (job_type, job_name, use_yn, create_date, update_date ) values ('JOB_GROUND', '건축/건설/인테리어', 0, '2024-03-01 10:00:00.000', '2024-03-01 10:00:00.000')
insert into job (job_type, job_name, use_yn, create_date, update_date ) values ('JOB_GROUND', '물류/항공/운수', 0, '2024-03-01 10:00:00.000', '2024-03-01 10:00:00.000')
insert into job (job_type, job_name, use_yn, create_date, update_date ) values ('JOB_GROUND', '백화점/유통/소비재', 0, '2024-03-01 10:00:00.000', '2024-03-01 10:00:00.000')
insert into job (job_type, job_name, use_yn, create_date, update_date ) values ('JOB_GROUND', '문화/예술', 0, '2024-03-01 10:00:00.000', '2024-03-01 10:00:00.000')
insert into job (job_type, job_name, use_yn, create_date, update_date ) values ('JOB_GROUND', '방송/언론/출판', 0, '2024-03-01 10:00:00.000', '2024-03-01 10:00:00.000')
insert into job (job_type, job_name, use_yn, create_date, update_date ) values ('JOB_GROUND', '여행/호텔/레저', 0, '2024-03-01 10:00:00.000', '2024-03-01 10:00:00.000')
insert into job (job_type, job_name, use_yn, create_date, update_date ) values ('JOB_GROUND', '부동산/중개업', 0, '2024-03-01 10:00:00.000', '2024-03-01 10:00:00.000')
insert into job (job_type, job_name, use_yn, create_date, update_date ) values ('JOB_GROUND', '식음료/외식업', 0, '2024-03-01 10:00:00.000', '2024-03-01 10:00:00.000')
insert into job (job_type, job_name, use_yn, create_date, update_date ) values ('JOB_GROUND', '서비스업', 0, '2024-03-01 10:00:00.000', '2024-03-01 10:00:00.000')

-- Member
insert into member (email, nickname, phone, address, address_name, gender, picture, platform, profile_update_yn, create_date, update_date) values ('test@test.com', 'test', '010-0000-1111', '', '', 'M', '', '0', 0, '2024-03-01 10:00:00.000', '2024-03-01 10:00:00.000')

-- Hobby
insert into hobby (hobby_id, hobby_name, use_yn, create_date, update_date) values (1, '운동/스포츠', 0, '2024-03-01 10:00:00.000', '2024-03-01 10:00:00.000')
insert into hobby (hobby_id, hobby_name, use_yn, create_date, update_date) values (2, '아웃도어여행', 0, '2024-03-01 10:00:00.000', '2024-03-01 10:00:00.000')
insert into hobby (hobby_id, hobby_name, use_yn, create_date, update_date) values (3, '인문학/책/글', 0, '2024-03-01 10:00:00.000', '2024-03-01 10:00:00.000')
insert into hobby (hobby_id, hobby_name, use_yn, create_date, update_date) values (4, '외국/언어', 0, '2024-03-01 10:00:00.000', '2024-03-01 10:00:00.000')
insert into hobby (hobby_id, hobby_name, use_yn, create_date, update_date) values (5, '문화/공연/축제', 0, '2024-03-01 10:00:00.000', '2024-03-01 10:00:00.000')
insert into hobby (hobby_id, hobby_name, use_yn, create_date, update_date) values (6, '음악/악기', 0, '2024-03-01 10:00:00.000', '2024-03-01 10:00:00.000')
insert into hobby (hobby_id, hobby_name, use_yn, create_date, update_date) values (7, '공예/만들기', 0, '2024-03-01 10:00:00.000', '2024-03-01 10:00:00.000')
insert into hobby (hobby_id, hobby_name, use_yn, create_date, update_date) values (8, '댄스/무용', 0, '2024-03-01 10:00:00.000', '2024-03-01 10:00:00.000')
insert into hobby (hobby_id, hobby_name, use_yn, create_date, update_date) values (9, '봉사활동', 0, '2024-03-01 10:00:00.000', '2024-03-01 10:00:00.000')
insert into hobby (hobby_id, hobby_name, use_yn, create_date, update_date) values (10, '사교/인맥', 0, '2024-03-01 10:00:00.000', '2024-03-01 10:00:00.000')
insert into hobby (hobby_id, hobby_name, use_yn, create_date, update_date) values (11, '차/오토바이', 0, '2024-03-01 10:00:00.000', '2024-03-01 10:00:00.000')
insert into hobby (hobby_id, hobby_name, use_yn, create_date, update_date) values (12, '사진/영상', 0, '2024-03-01 10:00:00.000', '2024-03-01 10:00:00.000')
insert into hobby (hobby_id, hobby_name, use_yn, create_date, update_date) values (13, '스포츠관람', 0, '2024-03-01 10:00:00.000', '2024-03-01 10:00:00.000')
insert into hobby (hobby_id, hobby_name, use_yn, create_date, update_date) values (14, '게임/오락', 0, '2024-03-01 10:00:00.000', '2024-03-01 10:00:00.000')
insert into hobby (hobby_id, hobby_name, use_yn, create_date, update_date) values (15, '요리/제조', 0, '2024-03-01 10:00:00.000', '2024-03-01 10:00:00.000')
insert into hobby (hobby_id, hobby_name, use_yn, create_date, update_date) values (16, '반려동물', 0, '2024-03-01 10:00:00.000', '2024-03-01 10:00:00.000')
insert into hobby (hobby_id, hobby_name, use_yn, create_date, update_date) values (17, '자기계발', 0, '2024-03-01 10:00:00.000', '2024-03-01 10:00:00.000')

-- Hobby Detail
insert into hobby_detail (hobby_detail_id, hobby_id, hobby_detail_name, use_yn, create_date, update_date) values (1, 1, '자전거', 0, '2024-03-01 10:00:00.000', '2024-03-01 10:00:00.000')
insert into hobby_detail (hobby_detail_id, hobby_id, hobby_detail_name, use_yn, create_date, update_date) values (2, 1, '배드민턴', 0, '2024-03-01 10:00:00.000', '2024-03-01 10:00:00.000')
insert into hobby_detail (hobby_detail_id, hobby_id, hobby_detail_name, use_yn, create_date, update_date) values (3, 1, '볼링', 0, '2024-03-01 10:00:00.000', '2024-03-01 10:00:00.000')
insert into hobby_detail (hobby_detail_id, hobby_id, hobby_detail_name, use_yn, create_date, update_date) values (4, 1, '테니스', 0, '2024-03-01 10:00:00.000', '2024-03-01 10:00:00.000')
insert into hobby_detail (hobby_detail_id, hobby_id, hobby_detail_name, use_yn, create_date, update_date) values (5, 1, '스키/보드', 0, '2024-03-01 10:00:00.000', '2024-03-01 10:00:00.000')
insert into hobby_detail (hobby_detail_id, hobby_id, hobby_detail_name, use_yn, create_date, update_date) values (6, 1, '골프', 0, '2024-03-01 10:00:00.000', '2024-03-01 10:00:00.000')
insert into hobby_detail (hobby_detail_id, hobby_id, hobby_detail_name, use_yn, create_date, update_date) values (7, 1, '클라이밍', 0, '2024-03-01 10:00:00.000', '2024-03-01 10:00:00.000')
insert into hobby_detail (hobby_detail_id, hobby_id, hobby_detail_name, use_yn, create_date, update_date) values (8, 1, '다이어트', 0, '2024-03-01 10:00:00.000', '2024-03-01 10:00:00.000')
insert into hobby_detail (hobby_detail_id, hobby_id, hobby_detail_name, use_yn, create_date, update_date) values (9, 1, '헬스/크로스핏', 0, '2024-03-01 10:00:00.000', '2024-03-01 10:00:00.000')
insert into hobby_detail (hobby_detail_id, hobby_id, hobby_detail_name, use_yn, create_date, update_date) values (10, 1, '요가/필라테스', 0, '2024-03-01 10:00:00.000', '2024-03-01 10:00:00.000')
insert into hobby_detail (hobby_detail_id, hobby_id, hobby_detail_name, use_yn, create_date, update_date) values (11, 1, '탁구', 0, '2024-03-01 10:00:00.000', '2024-03-01 10:00:00.000')
insert into hobby_detail (hobby_detail_id, hobby_id, hobby_detail_name, use_yn, create_date, update_date) values (12, 1, '당구/포켓볼', 0, '2024-03-01 10:00:00.000', '2024-03-01 10:00:00.000')
insert into hobby_detail (hobby_detail_id, hobby_id, hobby_detail_name, use_yn, create_date, update_date) values (13, 1, '러닝/마라톤', 0, '2024-03-01 10:00:00.000', '2024-03-01 10:00:00.000')
insert into hobby_detail (hobby_detail_id, hobby_id, hobby_detail_name, use_yn, create_date, update_date) values (14, 1, '수영/스쿠버다이빙', 0, '2024-03-01 10:00:00.000', '2024-03-01 10:00:00.000')
insert into hobby_detail (hobby_detail_id, hobby_id, hobby_detail_name, use_yn, create_date, update_date) values (15, 1, '서핑/웨이크보드/요트', 0, '2024-03-01 10:00:00.000', '2024-03-01 10:00:00.000')
insert into hobby_detail (hobby_detail_id, hobby_id, hobby_detail_name, use_yn, create_date, update_date) values (16, 1, '축구/풋살', 0, '2024-03-01 10:00:00.000', '2024-03-01 10:00:00.000')
insert into hobby_detail (hobby_detail_id, hobby_id, hobby_detail_name, use_yn, create_date, update_date) values (17, 1, '농구', 0, '2024-03-01 10:00:00.000', '2024-03-01 10:00:00.000')
insert into hobby_detail (hobby_detail_id, hobby_id, hobby_detail_name, use_yn, create_date, update_date) values (18, 1, '야구', 0, '2024-03-01 10:00:00.000', '2024-03-01 10:00:00.000')
insert into hobby_detail (hobby_detail_id, hobby_id, hobby_detail_name, use_yn, create_date, update_date) values (19, 1, '배구', 0, '2024-03-01 10:00:00.000', '2024-03-01 10:00:00.000')
insert into hobby_detail (hobby_detail_id, hobby_id, hobby_detail_name, use_yn, create_date, update_date) values (20, 1, '승마', 0, '2024-03-01 10:00:00.000', '2024-03-01 10:00:00.000')
insert into hobby_detail (hobby_detail_id, hobby_id, hobby_detail_name, use_yn, create_date, update_date) values (21, 1, '펜싱', 0, '2024-03-01 10:00:00.000', '2024-03-01 10:00:00.000')
insert into hobby_detail (hobby_detail_id, hobby_id, hobby_detail_name, use_yn, create_date, update_date) values (22, 1, '복싱', 0, '2024-03-01 10:00:00.000', '2024-03-01 10:00:00.000')
insert into hobby_detail (hobby_detail_id, hobby_id, hobby_detail_name, use_yn, create_date, update_date) values (23, 1, '태권도/유도', 0, '2024-03-01 10:00:00.000', '2024-03-01 10:00:00.000')
insert into hobby_detail (hobby_detail_id, hobby_id, hobby_detail_name, use_yn, create_date, update_date) values (24, 1, '검도', 0, '2024-03-01 10:00:00.000', '2024-03-01 10:00:00.000')
insert into hobby_detail (hobby_detail_id, hobby_id, hobby_detail_name, use_yn, create_date, update_date) values (25, 1, '무술/주짓수', 0, '2024-03-01 10:00:00.000', '2024-03-01 10:00:00.000')
insert into hobby_detail (hobby_detail_id, hobby_id, hobby_detail_name, use_yn, create_date, update_date) values (26, 1, '스케이트/인라인', 0, '2024-03-01 10:00:00.000', '2024-03-01 10:00:00.000')
insert into hobby_detail (hobby_detail_id, hobby_id, hobby_detail_name, use_yn, create_date, update_date) values (27, 1, '크루즈보드', 0, '2024-03-01 10:00:00.000', '2024-03-01 10:00:00.000')
insert into hobby_detail (hobby_detail_id, hobby_id, hobby_detail_name, use_yn, create_date, update_date) values (28, 1, '족구', 0, '2024-03-01 10:00:00.000', '2024-03-01 10:00:00.000')
insert into hobby_detail (hobby_detail_id, hobby_id, hobby_detail_name, use_yn, create_date, update_date) values (29, 1, '사격/양궁', 0, '2024-03-01 10:00:00.000', '2024-03-01 10:00:00.000')

